Cluster,Annual Income,Spending Score
0,19.0,80.11111111111111
1,41.111111111111114,66.77777777777777
2,21.5,20.428571428571427
3,35.77777777777778,21.666666666666668
4,28.444444444444443,80.0
